{
	"partitions" : [
		{
			"name" : "Top",
			"pins" : [
				{
					"name" : "done",
					"strict" : false
				},
				{
					"name" : "start",
					"strict" : false
				},
				{
					"name" : "rst",
					"strict" : false
				},
				{
					"name" : "ref_f",
					"strict" : false
				},
				{
					"name" : "n[0]",
					"strict" : false
				},
				{
					"name" : "n[2]",
					"strict" : false
				},
				{
					"name" : "n[1]",
					"strict" : false
				},
				{
					"name" : "n[3]",
					"strict" : false
				},
				{
					"name" : "InFreq",
					"strict" : false
				},
				{
					"name" : "adjust",
					"strict" : false
				}
			]
		}
	]
}