{
	"partitions" : [
		{
			"name" : "Top",
			"pins" : [
				{
					"name" : "UxRXIF",
					"strict" : false
				},
				{
					"name" : "N[0]",
					"strict" : false
				},
				{
					"name" : "N[1]",
					"strict" : false
				},
				{
					"name" : "N[2]",
					"strict" : false
				},
				{
					"name" : "N[3]",
					"strict" : false
				},
				{
					"name" : "N[4]",
					"strict" : false
				},
				{
					"name" : "N[5]",
					"strict" : false
				},
				{
					"name" : "N[6]",
					"strict" : false
				},
				{
					"name" : "N[7]",
					"strict" : false
				},
				{
					"name" : "UxRX",
					"strict" : false
				},
				{
					"name" : "BRGCLK",
					"strict" : false
				},
				{
					"name" : "ABAUD",
					"strict" : false
				}
			]
		}
	]
}