{
	"partitions" : [
		{
			"name" : "Top",
			"pins" : [
				{
					"name" : "wave[7]",
					"strict" : false
				},
				{
					"name" : "wave[6]",
					"strict" : false
				},
				{
					"name" : "wave[5]",
					"strict" : false
				},
				{
					"name" : "wave[4]",
					"strict" : false
				},
				{
					"name" : "wave[3]",
					"strict" : false
				},
				{
					"name" : "wave[2]",
					"strict" : false
				},
				{
					"name" : "wave[1]",
					"strict" : false
				},
				{
					"name" : "wave[0]",
					"strict" : false
				},
				{
					"name" : "SW[10]",
					"strict" : false
				},
				{
					"name" : "SW[9]",
					"strict" : false
				},
				{
					"name" : "SW[8]",
					"strict" : false
				},
				{
					"name" : "SW[12]",
					"strict" : false
				},
				{
					"name" : "SW[11]",
					"strict" : false
				},
				{
					"name" : "rst",
					"strict" : false
				},
				{
					"name" : "Phase_cntrl[0]",
					"strict" : false
				},
				{
					"name" : "Phase_cntrl[1]",
					"strict" : false
				},
				{
					"name" : "Phase_cntrl[2]",
					"strict" : false
				},
				{
					"name" : "Phase_cntrl[3]",
					"strict" : false
				},
				{
					"name" : "Phase_cntrl[4]",
					"strict" : false
				},
				{
					"name" : "Phase_cntrl[5]",
					"strict" : false
				},
				{
					"name" : "Phase_cntrl[6]",
					"strict" : false
				},
				{
					"name" : "Phase_cntrl[7]",
					"strict" : false
				},
				{
					"name" : "SW[7]",
					"strict" : false
				},
				{
					"name" : "SW[6]",
					"strict" : false
				},
				{
					"name" : "SW[5]",
					"strict" : false
				},
				{
					"name" : "SW[4]",
					"strict" : false
				},
				{
					"name" : "SW[3]",
					"strict" : false
				},
				{
					"name" : "SW[2]",
					"strict" : false
				},
				{
					"name" : "SW[1]",
					"strict" : false
				},
				{
					"name" : "SW[0]",
					"strict" : false
				},
				{
					"name" : "clk",
					"strict" : false
				}
			]
		}
	]
}