{
	"partitions" : [
		{
			"name" : "Top",
			"pins" : [
				{
					"name" : "done",
					"strict" : false
				},
				{
					"name" : "q[0]",
					"strict" : false
				},
				{
					"name" : "q[1]",
					"strict" : false
				},
				{
					"name" : "q[2]",
					"strict" : false
				},
				{
					"name" : "q[3]",
					"strict" : false
				},
				{
					"name" : "q[4]",
					"strict" : false
				},
				{
					"name" : "q[5]",
					"strict" : false
				},
				{
					"name" : "q[6]",
					"strict" : false
				},
				{
					"name" : "q[7]",
					"strict" : false
				},
				{
					"name" : "q[8]",
					"strict" : false
				},
				{
					"name" : "q[9]",
					"strict" : false
				},
				{
					"name" : "q[10]",
					"strict" : false
				},
				{
					"name" : "q[11]",
					"strict" : false
				},
				{
					"name" : "q[12]",
					"strict" : false
				},
				{
					"name" : "q[13]",
					"strict" : false
				},
				{
					"name" : "q[14]",
					"strict" : false
				},
				{
					"name" : "q[15]",
					"strict" : false
				},
				{
					"name" : "q[16]",
					"strict" : false
				},
				{
					"name" : "q[17]",
					"strict" : false
				},
				{
					"name" : "q[18]",
					"strict" : false
				},
				{
					"name" : "q[19]",
					"strict" : false
				},
				{
					"name" : "q[20]",
					"strict" : false
				},
				{
					"name" : "start",
					"strict" : false
				},
				{
					"name" : "clk",
					"strict" : false
				},
				{
					"name" : "rst",
					"strict" : false
				},
				{
					"name" : "u[0]",
					"strict" : false
				},
				{
					"name" : "u[1]",
					"strict" : false
				},
				{
					"name" : "v[0]",
					"strict" : false
				},
				{
					"name" : "v[1]",
					"strict" : false
				},
				{
					"name" : "v[2]",
					"strict" : false
				},
				{
					"name" : "v[3]",
					"strict" : false
				},
				{
					"name" : "v[4]",
					"strict" : false
				},
				{
					"name" : "v[5]",
					"strict" : false
				},
				{
					"name" : "v[6]",
					"strict" : false
				},
				{
					"name" : "v[7]",
					"strict" : false
				},
				{
					"name" : "v[8]",
					"strict" : false
				},
				{
					"name" : "v[9]",
					"strict" : false
				},
				{
					"name" : "v[10]",
					"strict" : false
				},
				{
					"name" : "v[11]",
					"strict" : false
				},
				{
					"name" : "v[12]",
					"strict" : false
				},
				{
					"name" : "v[13]",
					"strict" : false
				},
				{
					"name" : "v[14]",
					"strict" : false
				},
				{
					"name" : "v[15]",
					"strict" : false
				}
			]
		}
	]
}