{
	"partitions" : [
		{
			"name" : "Top",
			"pins" : [
				{
					"name" : "Main_Clock",
					"strict" : false
				},
				{
					"name" : "external_ro",
					"strict" : false
				},
				{
					"name" : "Power_Mode",
					"strict" : false
				},
				{
					"name" : "rst",
					"strict" : false
				},
				{
					"name" : "Fro_min[6]",
					"strict" : false
				},
				{
					"name" : "Fro_min[7]",
					"strict" : false
				},
				{
					"name" : "Fro_min[5]",
					"strict" : false
				},
				{
					"name" : "Fro_min[4]",
					"strict" : false
				},
				{
					"name" : "Fro_min[3]",
					"strict" : false
				},
				{
					"name" : "Fro_min[2]",
					"strict" : false
				},
				{
					"name" : "Fro_min[1]",
					"strict" : false
				},
				{
					"name" : "Fro_min[0]",
					"strict" : false
				},
				{
					"name" : "clk_50MHz",
					"strict" : false
				},
				{
					"name" : "PSI_set[7]",
					"strict" : false
				},
				{
					"name" : "PSI_max[7]",
					"strict" : false
				},
				{
					"name" : "PSI_max[6]",
					"strict" : false
				},
				{
					"name" : "PSI_set[6]",
					"strict" : false
				},
				{
					"name" : "PSI_max[5]",
					"strict" : false
				},
				{
					"name" : "PSI_set[5]",
					"strict" : false
				},
				{
					"name" : "PSI_max[4]",
					"strict" : false
				},
				{
					"name" : "PSI_set[4]",
					"strict" : false
				},
				{
					"name" : "PSI_max[3]",
					"strict" : false
				},
				{
					"name" : "PSI_set[3]",
					"strict" : false
				},
				{
					"name" : "PSI_max[2]",
					"strict" : false
				},
				{
					"name" : "PSI_set[2]",
					"strict" : false
				},
				{
					"name" : "PSI_max[1]",
					"strict" : false
				},
				{
					"name" : "PSI_set[1]",
					"strict" : false
				},
				{
					"name" : "PSI_max[0]",
					"strict" : false
				},
				{
					"name" : "PSI_set[0]",
					"strict" : false
				},
				{
					"name" : "PSI_min[7]",
					"strict" : false
				},
				{
					"name" : "PSI_min[6]",
					"strict" : false
				},
				{
					"name" : "PSI_min[5]",
					"strict" : false
				},
				{
					"name" : "PSI_min[4]",
					"strict" : false
				},
				{
					"name" : "PSI_min[3]",
					"strict" : false
				},
				{
					"name" : "PSI_min[2]",
					"strict" : false
				},
				{
					"name" : "PSI_min[1]",
					"strict" : false
				},
				{
					"name" : "PSI_min[0]",
					"strict" : false
				},
				{
					"name" : "internal_ro",
					"strict" : false
				}
			]
		}
	]
}