{
	"partitions" : [
		{
			"name" : "Top",
			"pins" : [
				{
					"name" : "co",
					"strict" : false
				},
				{
					"name" : "b7",
					"strict" : false
				},
				{
					"name" : "b6",
					"strict" : false
				},
				{
					"name" : "b5",
					"strict" : false
				},
				{
					"name" : "clk",
					"strict" : false
				},
				{
					"name" : "b4",
					"strict" : false
				},
				{
					"name" : "preset",
					"strict" : false
				},
				{
					"name" : "b3",
					"strict" : false
				},
				{
					"name" : "b2",
					"strict" : false
				},
				{
					"name" : "b1",
					"strict" : false
				},
				{
					"name" : "b0",
					"strict" : false
				}
			]
		}
	]
}