{
	"partitions" : [
		{
			"name" : "Top",
			"pins" : [
				{
					"name" : "done",
					"strict" : false
				},
				{
					"name" : "intpart[0]",
					"strict" : false
				},
				{
					"name" : "intpart[1]",
					"strict" : false
				},
				{
					"name" : "fracpart[0]",
					"strict" : false
				},
				{
					"name" : "fracpart[1]",
					"strict" : false
				},
				{
					"name" : "fracpart[2]",
					"strict" : false
				},
				{
					"name" : "fracpart[3]",
					"strict" : false
				},
				{
					"name" : "fracpart[4]",
					"strict" : false
				},
				{
					"name" : "fracpart[5]",
					"strict" : false
				},
				{
					"name" : "fracpart[6]",
					"strict" : false
				},
				{
					"name" : "fracpart[7]",
					"strict" : false
				},
				{
					"name" : "fracpart[8]",
					"strict" : false
				},
				{
					"name" : "fracpart[9]",
					"strict" : false
				},
				{
					"name" : "fracpart[10]",
					"strict" : false
				},
				{
					"name" : "fracpart[11]",
					"strict" : false
				},
				{
					"name" : "fracpart[12]",
					"strict" : false
				},
				{
					"name" : "fracpart[13]",
					"strict" : false
				},
				{
					"name" : "fracpart[14]",
					"strict" : false
				},
				{
					"name" : "fracpart[15]",
					"strict" : false
				},
				{
					"name" : "start",
					"strict" : false
				},
				{
					"name" : "clk",
					"strict" : false
				},
				{
					"name" : "rst",
					"strict" : false
				},
				{
					"name" : "x[0]",
					"strict" : false
				},
				{
					"name" : "x[1]",
					"strict" : false
				},
				{
					"name" : "x[2]",
					"strict" : false
				},
				{
					"name" : "x[3]",
					"strict" : false
				},
				{
					"name" : "x[4]",
					"strict" : false
				},
				{
					"name" : "x[5]",
					"strict" : false
				},
				{
					"name" : "x[6]",
					"strict" : false
				},
				{
					"name" : "x[7]",
					"strict" : false
				},
				{
					"name" : "x[8]",
					"strict" : false
				},
				{
					"name" : "x[9]",
					"strict" : false
				},
				{
					"name" : "x[10]",
					"strict" : false
				},
				{
					"name" : "x[11]",
					"strict" : false
				},
				{
					"name" : "x[12]",
					"strict" : false
				},
				{
					"name" : "x[13]",
					"strict" : false
				},
				{
					"name" : "x[14]",
					"strict" : false
				},
				{
					"name" : "x[15]",
					"strict" : false
				}
			]
		}
	]
}